,train loss,val loss
0,0.7231449484825134,0.7230454683303833
1,0.7230457663536072,0.7229414582252502
2,0.7229427695274353,0.7228360176086426
3,0.7228378653526306,0.7227332592010498
4,0.7227349281311035,0.7226234078407288
5,0.7226250767707825,0.7224986553192139
6,0.7225006818771362,0.7223594188690186
7,0.7223619222640991,0.7222029566764832
8,0.7222065329551697,0.7220351696014404
9,0.7220399975776672,0.7218860387802124
10,0.721889853477478,0.721752405166626
11,0.7217548489570618,0.7216086387634277
12,0.7216116786003113,0.7214603424072266
13,0.7214632034301758,0.7212965488433838
14,0.7213000059127808,0.7211084365844727
15,0.7211127877235413,0.7209073901176453
16,0.7209118008613586,0.7206906676292419
17,0.7206959128379822,0.7204545140266418
18,0.7204601764678955,0.720189094543457
19,0.7201948761940002,0.7198944091796875
20,0.7198989391326904,0.7195370197296143
21,0.7195440530776978,0.7191158533096313
22,0.7191258072853088,0.718625009059906
23,0.7186373472213745,0.7180430293083191
24,0.7180566787719727,0.7173531651496887
25,0.7173666954040527,0.7165248394012451
26,0.7165393829345703,0.7155364155769348
27,0.7155531048774719,0.7143439650535583
28,0.7143645286560059,0.7129454612731934
29,0.7129681706428528,0.7113397717475891
30,0.7113648653030396,0.7095475792884827
31,0.7095717191696167,0.7075777053833008
32,0.707597017288208,0.7054451704025269
33,0.7054592967033386,0.7032015323638916
34,0.7032069563865662,0.7009391784667969
35,0.7009375095367432,0.6988115310668945
36,0.6988040208816528,0.6969630122184753
37,0.6969538331031799,0.6955076456069946
38,0.6955046057701111,0.6944763660430908
39,0.6944885849952698,0.6938173174858093
40,0.6938478350639343,0.6934379935264587
41,0.6934822797775269,0.6932399868965149
42,0.6932902932167053,0.6931449770927429
43,0.6931949257850647,0.6931052207946777
44,0.6931502819061279,0.6930935382843018
45,0.6931316256523132,0.6930945515632629
46,0.6931254267692566,0.6931006908416748
47,0.6931249499320984,0.6931080222129822
48,0.693126916885376,0.6931150555610657
49,0.6931296586990356,0.6931211948394775
50,0.6931324601173401,0.6931262016296387
51,0.6931349039077759,0.6931301951408386
52,0.693136990070343,0.6931333541870117
53,0.6931386590003967,0.6931357979774475
54,0.6931400299072266,0.6931377053260803
55,0.6931411623954773,0.6931392550468445
56,0.6931419968605042,0.69314044713974
57,0.6931427717208862,0.6931414008140564
58,0.693143367767334,0.6931421756744385
59,0.6931438446044922,0.6931427717208862
60,0.6931442022323608,0.6931432485580444
61,0.6931445002555847,0.6931437253952026
62,0.6931447386741638,0.6931439638137817
63,0.6931449174880981,0.6931443214416504
64,0.6931451559066772,0.6931445002555847
65,0.6931453943252563,0.6931447386741638
66,0.6931454539299011,0.6931448578834534
67,0.6931455135345459,0.6931450366973877
68,0.6931456327438354,0.6931451559066772
69,0.693145751953125,0.693145215511322
70,0.693145751953125,0.6931452751159668
71,0.6931458711624146,0.6931453943252563
72,0.6931458711624146,0.6931454539299011
73,0.6931459307670593,0.6931455135345459
74,0.6931459903717041,0.6931455731391907
75,0.6931459903717041,0.6931456327438354
76,0.6931459903717041,0.6931455731391907
77,0.6931460499763489,0.6931456327438354
78,0.6931461095809937,0.6931456923484802
79,0.6931461095809937,0.6931456923484802
80,0.6931461095809937,0.6931456923484802
81,0.6931461095809937,0.693145751953125
82,0.6931461095809937,0.693145751953125
83,0.6931461095809937,0.693145751953125
84,0.6931461095809937,0.693145751953125
85,0.6931461095809937,0.693145751953125
86,0.6931461095809937,0.693145751953125
87,0.6931461095809937,0.693145751953125
88,0.6931461095809937,0.693145751953125
89,0.6931461095809937,0.693145751953125
90,0.6931461095809937,0.693145751953125
91,0.6931461095809937,0.693145751953125
92,0.6931461095809937,0.693145751953125
93,0.6931461095809937,0.693145751953125
94,0.6931461095809937,0.6931456923484802
95,0.6931461095809937,0.6931456327438354
96,0.6931461095809937,0.6931456923484802
97,0.6931461095809937,0.6931456327438354
98,0.6931461095809937,0.6931456327438354
99,0.6931459903717041,0.6931456327438354
100,0.6931460499763489,0.6931456327438354
101,0.6931459903717041,0.6931456327438354
102,0.6931459903717041,0.6931455731391907
103,0.6931459903717041,0.6931455731391907
104,0.6931459903717041,0.6931455135345459
105,0.6931459903717041,0.6931455135345459
106,0.6931459307670593,0.6931454539299011
107,0.6931458711624146,0.6931454539299011
108,0.6931458711624146,0.6931454539299011
109,0.6931458711624146,0.6931453943252563
110,0.6931458711624146,0.6931453943252563
111,0.6931458711624146,0.6931453943252563
112,0.6931458115577698,0.6931452751159668
113,0.693145751953125,0.6931452751159668
114,0.693145751953125,0.6931452751159668
115,0.693145751953125,0.693145215511322
116,0.693145751953125,0.6931451559066772
117,0.6931456923484802,0.6931451559066772
118,0.6931456327438354,0.6931451559066772
119,0.6931455731391907,0.6931450963020325
120,0.6931455731391907,0.6931450963020325
121,0.6931454539299011,0.6931450366973877
122,0.6931454539299011,0.6931449770927429
123,0.6931454539299011,0.6931449174880981
124,0.6931453943252563,0.6931448578834534
125,0.6931453943252563,0.6931447982788086
126,0.6931453943252563,0.6931447386741638
127,0.6931453347206116,0.693144679069519
128,0.6931453347206116,0.6931446194648743
129,0.693145215511322,0.6931445002555847
130,0.693145215511322,0.6931445002555847
131,0.6931451559066772,0.6931444406509399
132,0.6931450963020325,0.6931443810462952
133,0.6931450366973877,0.6931442618370056
134,0.6931449770927429,0.6931442022323608
135,0.6931449174880981,0.6931440830230713
136,0.6931448578834534,0.6931439638137817
137,0.6931447982788086,0.693143904209137
138,0.6931447386741638,0.6931438446044922
139,0.6931446194648743,0.6931437253952026
140,0.6931446194648743,0.6931436657905579
141,0.6931444406509399,0.6931434869766235
142,0.6931443214416504,0.6931433081626892
143,0.6931442618370056,0.6931431889533997
144,0.6931442022323608,0.6931431293487549
145,0.6931440830230713,0.6931429505348206
146,0.6931440234184265,0.6931427717208862
147,0.6931438446044922,0.6931425333023071
148,0.6931437253952026,0.6931424140930176
149,0.6931434869766235,0.6931421756744385
150,0.693143367767334,0.6931419968605042
151,0.6931432485580444,0.693141758441925
152,0.6931430697441101,0.693141520023346
153,0.693142831325531,0.6931412220001221
154,0.6931426525115967,0.6931409239768982
155,0.6931424140930176,0.6931406259536743
156,0.6931421756744385,0.6931402683258057
157,0.6931419968605042,0.6931399703025818
158,0.6931416988372803,0.6931396126747131
159,0.6931413412094116,0.6931391358375549
160,0.6931411027908325,0.6931387186050415
161,0.6931407451629639,0.6931383013725281
162,0.6931403279304504,0.6931377053260803
163,0.6931399703025818,0.6931371092796326
164,0.6931394338607788,0.69313645362854
165,0.6931388974189758,0.6931357383728027
166,0.6931383609771729,0.6931349039077759
167,0.6931377053260803,0.6931340098381042
168,0.6931370496749878,0.6931330561637878
169,0.6931362748146057,0.6931319236755371
170,0.6931353211402893,0.6931307315826416
171,0.6931343078613281,0.6931294202804565
172,0.6931332945823669,0.6931278705596924
173,0.6931319832801819,0.6931260824203491
174,0.6931305527687073,0.6931241750717163
175,0.6931290030479431,0.6931219696998596
176,0.6931271553039551,0.693119466304779
177,0.6931250095367432,0.6931164860725403
178,0.6931225657463074,0.6931131482124329
179,0.6931197643280029,0.6931093335151672
180,0.6931164264678955,0.6931049227714539
181,0.6931126117706299,0.6930996775627136
182,0.693108081817627,0.6930936574935913
183,0.6931027173995972,0.6930865049362183
184,0.6930962800979614,0.6930781006813049
185,0.693088710308075,0.6930681467056274
186,0.69307941198349,0.6930562257766724
187,0.693068265914917,0.6930418014526367
188,0.6930544376373291,0.6930244565010071
189,0.6930372714996338,0.693003237247467
190,0.693015992641449,0.6929773688316345
191,0.6929890513420105,0.692945659160614
192,0.6929550766944885,0.6929070949554443
193,0.6929117441177368,0.6928606033325195
194,0.6928564310073853,0.6928059458732605
195,0.692786455154419,0.6927475929260254
196,0.6927012801170349,0.6926990151405334
197,0.6926093101501465,0.6926883459091187
198,0.6925358176231384,0.6927359700202942
199,0.6925094723701477,0.6927276253700256
200,0.6924513578414917,0.6926113963127136
201,0.6923186779022217,0.692472517490387
202,0.6921806335449219,0.6923606991767883
203,0.6920701265335083,0.6922743916511536
204,0.6919708251953125,0.6921846270561218
205,0.6918414831161499,0.6920900344848633
206,0.6916757822036743,0.6920007467269897
207,0.6914772391319275,0.6919421553611755
208,0.6912722587585449,0.691921055316925
209,0.6910885572433472,0.6918145418167114
210,0.6908559799194336,0.6915930509567261
211,0.6905607581138611,0.6913559436798096
212,0.6902669668197632,0.6911503076553345
213,0.6899529099464417,0.6909684538841248
214,0.689568042755127,0.6908313035964966
215,0.6891263723373413,0.690718412399292
216,0.6886661648750305,0.6904140114784241
217,0.6881029009819031,0.6899613738059998
218,0.6874605417251587,0.6895572543144226
219,0.6867372989654541,0.6892634034156799
220,0.6858662366867065,0.6889774799346924
221,0.684910237789154,0.6881595253944397
222,0.6837324500083923,0.6874961853027344
223,0.6824191808700562,0.6871039867401123
224,0.680958092212677,0.6859261989593506
225,0.6792789697647095,0.6853074431419373
226,0.6774696111679077,0.6842300295829773
227,0.6756088137626648,0.6832629442214966
228,0.6737646460533142,0.6824281215667725
229,0.6720083951950073,0.6811079382896423
230,0.6705021858215332,0.6821343302726746
231,0.6699724197387695,0.6799220442771912
232,0.6707415580749512,0.679029643535614
233,0.6679006218910217,0.6826053857803345
234,0.6699305176734924,0.6783673167228699
235,0.666219174861908,0.6782237887382507
236,0.6677135825157166,0.6775518655776978
237,0.6661313772201538,0.6781542301177979
238,0.6653934717178345,0.6785891652107239
239,0.6657823920249939,0.6765326857566833
240,0.6641375422477722,0.6765981316566467
241,0.6648868322372437,0.6760645508766174
242,0.6638213992118835,0.6762009859085083
243,0.6633328795433044,0.6764623522758484
244,0.663526713848114,0.6752684116363525
245,0.6623489856719971,0.6753870248794556
246,0.6626862287521362,0.6749948263168335
247,0.6619470119476318,0.6748977303504944
248,0.6614863276481628,0.6750046610832214
249,0.661476731300354,0.6743884086608887
250,0.6606087684631348,0.674578070640564
251,0.6607218980789185,0.6741918921470642
252,0.6599748730659485,0.6741698980331421
253,0.6598130464553833,0.6739558577537537
254,0.6593323945999146,0.6739093065261841
255,0.6589496731758118,0.6738669276237488
256,0.658662736415863,0.6734912395477295
257,0.6580913066864014,0.673412024974823
258,0.657884955406189,0.6733285784721375
259,0.6573125123977661,0.6733096241950989
260,0.6570260524749756,0.6728582978248596
261,0.6564881205558777,0.6726733446121216
262,0.6560783386230469,0.6728144288063049
263,0.655677855014801,0.672437846660614
264,0.6550577282905579,0.6720190048217773
265,0.6547698378562927,0.6720662117004395
266,0.6540599465370178,0.6718538403511047
267,0.6535130739212036,0.6711574792861938
268,0.6530608534812927,0.6713277697563171
269,0.6522765755653381,0.6707586646080017
270,0.6514777541160583,0.6700071096420288
271,0.6508672833442688,0.6706483364105225
272,0.6502274870872498,0.6689013838768005
273,0.6492622494697571,0.6696012616157532
274,0.6482437252998352,0.6675699949264526
275,0.6470686197280884,0.6685654520988464
276,0.6460578441619873,0.665705680847168
277,0.6454052925109863,0.6711624264717102
278,0.6473339200019836,0.6639246940612793
279,0.6442270278930664,0.6671242713928223
280,0.6418415307998657,0.6624019742012024
281,0.6384153962135315,0.660029411315918
282,0.6382200121879578,0.6687174439430237
283,0.6411244869232178,0.6571305394172668
284,0.6339827179908752,0.6556410789489746
285,0.631610095500946,0.6642451882362366
286,0.6339359283447266,0.6506965160369873
287,0.6303607225418091,0.6610003709793091
288,0.6289681196212769,0.6483258605003357
289,0.6221452355384827,0.6429450511932373
290,0.6220148801803589,0.6654695868492126
291,0.629453182220459,0.6459111571311951
292,0.6149349808692932,0.6495232582092285
293,0.6493831276893616,0.6741343140602112
294,0.6382400393486023,0.6849337816238403
295,0.6616742610931396,0.6864655017852783
296,0.666447639465332,0.6850128173828125
297,0.6615869998931885,0.6788326501846313
298,0.6457911729812622,0.6561145186424255
299,0.614912211894989,0.628182590007782
300,0.6307017803192139,0.6191826462745667
301,0.6084339618682861,0.643031895160675
302,0.6056605577468872,0.6570689678192139
303,0.6144970059394836,0.6592652201652527
304,0.6163086295127869,0.6531573534011841
305,0.6107689738273621,0.6376285552978516
306,0.6023746728897095,0.6164957880973816
307,0.6011772751808167,0.6116579174995422
308,0.610199511051178,0.6157940626144409
309,0.5997127890586853,0.6317362785339355
310,0.5996038317680359,0.6417711973190308
311,0.6027553081512451,0.6439449787139893
312,0.6035776734352112,0.6394209861755371
313,0.6014150977134705,0.6288452744483948
314,0.5980179905891418,0.6150962114334106
315,0.5967585444450378,0.6063318848609924
316,0.5996143221855164,0.6066325902938843
317,0.5985603332519531,0.6146530508995056
318,0.595928966999054,0.6240634918212891
319,0.5963207483291626,0.6296578645706177
320,0.5973650813102722,0.6303054094314575
321,0.5974463224411011,0.6264074444770813
322,0.5964386463165283,0.6192116737365723
323,0.5952466726303101,0.611042857170105
324,0.5950306057929993,0.6054931879043579
325,0.5958999991416931,0.6052584648132324
326,0.5957615971565247,0.6097285151481628
327,0.5947494506835938,0.6157591938972473
328,0.5945501327514648,0.620272159576416
329,0.5949068665504456,0.6219391226768494
330,0.5951006412506104,0.6206023097038269
331,0.5948484539985657,0.6168328523635864
332,0.5943730473518372,0.6118708252906799
333,0.5941275358200073,0.6076065897941589
334,0.59430330991745,0.6058140993118286
335,0.5944742560386658,0.607037365436554
336,0.5942201018333435,0.6102884411811829
337,0.5939239859580994,0.6138221621513367
338,0.5939030647277832,0.6162107586860657
339,0.5940136909484863,0.6167714595794678
340,0.5940253734588623,0.61549311876297
341,0.5938781499862671,0.6128983497619629
342,0.5936954617500305,0.6099202036857605
343,0.5936317443847656,0.6076624989509583
344,0.5936882495880127,0.60696941614151
345,0.5936942100524902,0.6079621911048889
346,0.5935733318328857,0.609995424747467
347,0.5934574604034424,0.6120989322662354
348,0.59343421459198,0.613472044467926
349,0.5934519171714783,0.613710880279541
350,0.593429446220398,0.6128313541412354
351,0.5933511853218079,0.6112052798271179
352,0.5932687520980835,0.6094355583190918
353,0.5932332873344421,0.6081708669662476
354,0.593233048915863,0.6078507304191589
355,0.5932101011276245,0.6085004210472107
356,0.5931480526924133,0.6097400784492493
357,0.5930893421173096,0.6110119819641113
358,0.5930626392364502,0.6118355989456177
359,0.593050479888916,0.6119581460952759
360,0.5930236577987671,0.6113940477371216
361,0.5929771065711975,0.6103882789611816
362,0.592930793762207,0.6093267798423767
363,0.5929021835327148,0.6085981130599976
364,0.5928843021392822,0.6084460616111755
365,0.5928573608398438,0.6088671088218689
366,0.5928177237510681,0.6096306443214417
367,0.592779815196991,0.6104004383087158
368,0.5927532315254211,0.6108802556991577
369,0.5927314162254333,0.6109154224395752
370,0.5927038788795471,0.6105254292488098
371,0.5926693081855774,0.6098819971084595
372,0.5926359295845032,0.6092385053634644
373,0.5926093459129333,0.6088354587554932
374,0.5925855040550232,0.6088050603866577
375,0.5925577282905579,0.6091153025627136
376,0.5925260782241821,0.6096031069755554
377,0.5924959778785706,0.6100507974624634
378,0.5924702286720276,0.6102789044380188
379,0.5924452543258667,0.6102105975151062
380,0.5924174785614014,0.6098909974098206
381,0.5923879146575928,0.6094600558280945
382,0.5923600792884827,0.6090921759605408
383,0.5923348665237427,0.6089248061180115
384,0.5923094749450684,0.6090017557144165
385,0.5922821760177612,0.6092609167098999
386,0.5922542810440063,0.6095699071884155
387,0.5922279357910156,0.6097878217697144
388,0.5922027826309204,0.6098235845565796
389,0.5921772122383118,0.6096701622009277
390,0.5921503305435181,0.6094002723693848
391,0.5921237468719482,0.6091305613517761
392,0.5920981764793396,0.6089698672294617
393,0.5920729637145996,0.6089706420898438
394,0.5920470952987671,0.6091095805168152
395,0.5920206308364868,0.6093026995658875
396,0.5919942855834961,0.6094226837158203
397,0.5919691324234009,0.6093893051147461
398,0.5919449329376221,0.6094615459442139
399,0.5919176936149597,0.6093444228172302
400,0.591890811920166,0.6091463565826416
401,0.5918648838996887,0.6089642643928528
402,0.591839611530304,0.6088778376579285
403,0.5918140411376953,0.6089105010032654
404,0.5917877554893494,0.6090209484100342
405,0.5917609930038452,0.6090991497039795
406,0.5917357802391052,0.609268844127655
407,0.5917096734046936,0.609290361404419
408,0.5916843414306641,0.6091746687889099
409,0.5916584730148315,0.608984112739563
410,0.5916319489479065,0.6087866425514221
411,0.591606080532074,0.6087157130241394
412,0.5915808081626892,0.6088742613792419
413,0.5915542244911194,0.6090145707130432
414,0.5915289521217346,0.6090927124023438
415,0.5915035009384155,0.6090673804283142
416,0.5914773344993591,0.6089537143707275
417,0.5914506912231445,0.6087890267372131
418,0.5914234519004822,0.6086065173149109
419,0.5914000868797302,0.6087567210197449
420,0.5913707613945007,0.6088879704475403
421,0.5913451910018921,0.6089279651641846
422,0.59131920337677,0.6088674664497375
423,0.5912924408912659,0.6087695956230164
424,0.5912648439407349,0.6086385846138
425,0.591240406036377,0.6087243556976318
426,0.59121173620224,0.6087351441383362
427,0.5911864042282104,0.6087031364440918
428,0.5911602973937988,0.6086946725845337
429,0.5911329388618469,0.608633816242218
430,0.5911051034927368,0.6085265874862671
431,0.5910798907279968,0.6085959076881409
432,0.5910518169403076,0.6086919903755188
433,0.5910255312919617,0.6086820363998413
434,0.5909987688064575,0.6085782051086426
435,0.5909709930419922,0.6084437966346741
436,0.5909444093704224,0.6084749698638916
437,0.5909167528152466,0.6085107326507568
438,0.5908896923065186,0.6084994673728943
439,0.5908621549606323,0.608445405960083
440,0.5908344984054565,0.6084046363830566
441,0.590807318687439,0.6084675192832947
442,0.5907794833183289,0.6084627509117126
443,0.5907521843910217,0.6083670854568481
444,0.5907243490219116,0.6082442998886108
445,0.5906972289085388,0.608308732509613
446,0.5906688570976257,0.6083598136901855
447,0.5906415581703186,0.6083294153213501
448,0.5906134843826294,0.6082437634468079
449,0.5905855894088745,0.608215868473053
450,0.5905575752258301,0.6082448959350586
451,0.5905289649963379,0.6081900596618652
452,0.5905001759529114,0.6081141829490662
453,0.5904715061187744,0.6080961227416992
454,0.5904427170753479,0.6080843210220337
455,0.590413510799408,0.608085036277771
456,0.5903846621513367,0.6081225872039795
457,0.5903549194335938,0.6080466508865356
458,0.5903244614601135,0.6079082489013672
459,0.5902952551841736,0.6079803705215454
460,0.5902647972106934,0.6079930067062378
461,0.5902345776557922,0.6079279184341431
462,0.5902042984962463,0.6079124808311462
463,0.5901734828948975,0.6078467965126038
464,0.5901424884796143,0.6078339219093323
465,0.590111255645752,0.6078726053237915
466,0.590079665184021,0.6078222990036011
467,0.5900478959083557,0.60775226354599
468,0.5900158286094666,0.6077552437782288
469,0.5899830460548401,0.6076740622520447
470,0.5899505615234375,0.6075860261917114
471,0.589920163154602,0.6076486110687256
472,0.5898892283439636,0.6076721549034119
473,0.5898580551147461,0.6075327396392822
474,0.5898264646530151,0.607469379901886
475,0.5897955894470215,0.6075394749641418
476,0.5897649526596069,0.6074480414390564
477,0.5897333025932312,0.6073089241981506
478,0.589702844619751,0.6074801683425903
479,0.5896704196929932,0.6075001955032349
480,0.5896395444869995,0.6073244214057922
481,0.5896078944206238,0.60725337266922
482,0.5895764827728271,0.6073532700538635
483,0.5895448327064514,0.6072970032691956
484,0.5895124077796936,0.6071630716323853
485,0.5894806385040283,0.6072006821632385
486,0.5894483327865601,0.6071985960006714
487,0.5894162058830261,0.6071031093597412
488,0.589383602142334,0.607078492641449
489,0.5893509387969971,0.6070985198020935
490,0.5893183946609497,0.6070969700813293
491,0.5892858505249023,0.6070521473884583
492,0.5892528891563416,0.6070698499679565
493,0.5892197489738464,0.607020914554596
494,0.5891862511634827,0.6069189310073853
495,0.5891526341438293,0.6069313287734985
496,0.5891187787055969,0.6069498658180237
497,0.5890846848487854,0.6068586111068726
498,0.5890499353408813,0.6068315505981445
499,0.589015007019043,0.6068500876426697
500,0.5889804363250732,0.6067690849304199
501,0.5889453291893005,0.6067144870758057
502,0.5889104604721069,0.6067563891410828
503,0.5888760685920715,0.6067039966583252
504,0.5888420343399048,0.6065893769264221
505,0.5888082981109619,0.6065732836723328
506,0.5887746810913086,0.6066175699234009
507,0.5887408256530762,0.6065618395805359
508,0.5887064933776855,0.6064735054969788
509,0.5886719226837158,0.6064872145652771
510,0.588637113571167,0.6065126657485962
511,0.5886021852493286,0.6064333319664001
512,0.588566780090332,0.6063605546951294
513,0.5885313749313354,0.6064137816429138
514,0.5884955525398254,0.6063998937606812
515,0.5884597897529602,0.6062825322151184
516,0.588423490524292,0.6062541604042053
517,0.5883872509002686,0.6063233017921448
518,0.5883509516716003,0.6061936020851135
519,0.5883139967918396,0.6060959100723267
520,0.5882775783538818,0.6062313914299011
521,0.5882408022880554,0.6062008142471313
522,0.5882039666175842,0.6059748530387878
523,0.5881670117378235,0.6060190796852112
524,0.5881293416023254,0.6061895489692688
525,0.588092029094696,0.6059361100196838
526,0.5880536437034607,0.6059485077857971
527,0.5880147218704224,0.6059496402740479
528,0.5879759788513184,0.605867862701416
529,0.587936520576477,0.6059321165084839
530,0.5878967642784119,0.6059153079986572
531,0.5878562331199646,0.6057023406028748
532,0.5878141522407532,0.6056795716285706
533,0.5877755284309387,0.6060336828231812
534,0.5877351760864258,0.6058125495910645
535,0.587692379951477,0.6055476069450378
536,0.5876520872116089,0.6057420969009399
537,0.5876116752624512,0.6055914759635925
538,0.5875685214996338,0.605333685874939
539,0.5875265002250671,0.6057752966880798
540,0.5874839425086975,0.6057692766189575
541,0.5874398350715637,0.6047625541687012
542,0.5874029397964478,0.6062237024307251
543,0.5873594284057617,0.6055101156234741
544,0.5873063802719116,0.6046403050422668
545,0.5872693657875061,0.6058052778244019
546,0.5872185826301575,0.605549156665802
547,0.5871705412864685,0.6044850945472717
548,0.5871285796165466,0.6054606437683105
549,0.5870767831802368,0.6058523058891296
550,0.5870360136032104,0.6047318577766418
551,0.5869830250740051,0.6046769618988037
552,0.5869342684745789,0.6052981615066528
553,0.5868876576423645,0.6049265265464783
554,0.5868362784385681,0.6047072410583496
555,0.5867871046066284,0.6051491498947144
556,0.5867359638214111,0.6048107147216797
557,0.5866825580596924,0.6043853759765625
558,0.5866299271583557,0.604870080947876
559,0.5865746140480042,0.6047804355621338
560,0.5865181684494019,0.6041795015335083
561,0.5864621996879578,0.6045178771018982
562,0.5864015817642212,0.6045790314674377
563,0.5863409042358398,0.6040727496147156
564,0.5862789750099182,0.604314386844635
565,0.5862141251564026,0.6043523550033569
566,0.5861499905586243,0.6038289070129395
567,0.5860849022865295,0.60409015417099
568,0.5860158205032349,0.6039553880691528
569,0.5859456658363342,0.6036386489868164
570,0.5858730673789978,0.6037564873695374
571,0.5857973098754883,0.6035370230674744
572,0.5857183337211609,0.6034680604934692
573,0.5856357216835022,0.6034309267997742
574,0.5855492949485779,0.6032832264900208
575,0.5854586958885193,0.6029409766197205
576,0.5853639841079712,0.6029148697853088
577,0.5852646827697754,0.6029924750328064
578,0.5851622819900513,0.6023277044296265
579,0.5850574970245361,0.6026521325111389
580,0.584946870803833,0.6020457744598389
581,0.5848308205604553,0.6024157404899597
582,0.5847122073173523,0.6014089584350586
583,0.5845942497253418,0.602445125579834
584,0.5844764113426208,0.6004931926727295
585,0.5843499302864075,0.6021867990493774
586,0.5842167139053345,0.600097119808197
587,0.5840718150138855,0.6012396812438965
588,0.5839187502861023,0.6002839207649231
589,0.5837628841400146,0.5997286438941956
590,0.5835997462272644,0.6000611782073975
591,0.5834299921989441,0.5982779264450073
592,0.5832568407058716,0.6000986695289612
593,0.5830778479576111,0.5969318747520447
594,0.5828940868377686,0.5995962023735046
595,0.5827004909515381,0.5962854623794556
596,0.5824865102767944,0.5973019599914551
597,0.5822728872299194,0.5967088937759399
598,0.5820654630661011,0.5950310230255127
599,0.5818681716918945,0.597218930721283
600,0.5816822648048401,0.5928092002868652
601,0.5814968347549438,0.5972224473953247
602,0.5813274383544922,0.5916031002998352
603,0.5811135768890381,0.5951238870620728
604,0.5808969140052795,0.5927919745445251
605,0.5806820392608643,0.5919334292411804
606,0.5804949402809143,0.5945026278495789
607,0.5803319215774536,0.589184582233429
608,0.5801764130592346,0.5957368016242981
609,0.5800526142120361,0.5882482528686523
610,0.5797933340072632,0.5928576588630676
611,0.5795215964317322,0.5912289023399353
612,0.579285204410553,0.588293194770813
613,0.5791204571723938,0.593786895275116
614,0.5789660811424255,0.5875312685966492
615,0.5787003636360168,0.5907294750213623
616,0.5784356594085693,0.5904287695884705
617,0.5782216191291809,0.5871652364730835
618,0.5780505537986755,0.592235267162323
619,0.5778800845146179,0.5862559080123901
620,0.577633798122406,0.5898383855819702
621,0.5773746371269226,0.5881763100624084
622,0.5771366357803345,0.5863059759140015
623,0.5769352316856384,0.5898652672767639
624,0.5767489671707153,0.5842628479003906
625,0.5765393376350403,0.5895874500274658
626,0.5763249397277832,0.5839886665344238
627,0.5760681629180908,0.5875421762466431
628,0.5758202075958252,0.5847142934799194
629,0.5755779147148132,0.5851798057556152
630,0.5753468871116638,0.5853464007377625
631,0.5751252174377441,0.5832712650299072
632,0.574906051158905,0.5863110423088074
633,0.5747042298316956,0.580219566822052
634,0.5745457410812378,0.5903650522232056
635,0.5745928287506104,0.5758522152900696
636,0.5745319724082947,0.5950517058372498
637,0.5748742818832397,0.579503059387207
638,0.573637068271637,0.5763019919395447
639,0.5736876130104065,0.595689058303833
640,0.5744838714599609,0.5797205567359924
641,0.5729589462280273,0.5722061395645142
642,0.5736631155014038,0.5996933579444885
643,0.5748186707496643,0.5869093537330627
644,0.5726258754730225,0.5651378035545349
645,0.5761000514030457,0.6074099540710449
646,0.5765384435653687,0.6077579855918884
647,0.5765585899353027,0.5721444487571716
648,0.5725192427635193,0.5637609362602234
649,0.5761749744415283,0.6051246523857117
650,0.5753377079963684,0.6146495938301086
651,0.5784240961074829,0.5898178815841675
652,0.5720683336257935,0.5615823864936829
653,0.5783606767654419,0.5864026546478271
654,0.571555495262146,0.6067062616348267
655,0.5753114819526672,0.6006557941436768
656,0.5736790299415588,0.5756372213363647
657,0.5713402628898621,0.563385009765625
658,0.5747408270835876,0.582988977432251
659,0.5709019303321838,0.6003095507621765
660,0.5730910897254944,0.5979732275009155
661,0.572536826133728,0.580058217048645
662,0.5707093477249146,0.5654032826423645
663,0.5723189115524292,0.5736590027809143
664,0.5701611638069153,0.5887823700904846
665,0.5706620812416077,0.5913929343223572
666,0.5710288286209106,0.5802457332611084
667,0.5698773264884949,0.5683357119560242
668,0.5700812935829163,0.572652280330658
669,0.5690467953681946,0.583018958568573
670,0.5692733526229858,0.58510822057724
671,0.5694456696510315,0.5775858759880066
672,0.5687591433525085,0.569101095199585
673,0.5685474872589111,0.5723798871040344
674,0.5681477189064026,0.5811002254486084
675,0.5683718919754028,0.5805267095565796
676,0.5682083368301392,0.5720745325088501
677,0.5677005052566528,0.5700072050094604
678,0.5674957036972046,0.5759366154670715
679,0.5674592852592468,0.5783969759941101
680,0.5674431920051575,0.5736772418022156
681,0.5669341683387756,0.5689663290977478
682,0.5668483376502991,0.5738775730133057
683,0.5666533708572388,0.5777456164360046
684,0.5666295289993286,0.5727177858352661
685,0.566185474395752,0.5682596564292908
686,0.566138505935669,0.5728763937950134
687,0.5659157633781433,0.5757575035095215
688,0.5658152103424072,0.5712836980819702
689,0.5654498934745789,0.5681598782539368
690,0.5654305219650269,0.5735912322998047
691,0.5651845932006836,0.5742525458335876
692,0.5650083422660828,0.5685017704963684
693,0.5647873282432556,0.5685797929763794
694,0.5646240711212158,0.5732041597366333
695,0.5644529461860657,0.5716444253921509
696,0.5641998648643494,0.5672646760940552
697,0.5641012191772461,0.5705605149269104
698,0.5638195872306824,0.5721940398216248
699,0.563663899898529,0.5679484009742737
700,0.563442587852478,0.5676276683807373
701,0.5632483959197998,0.5711730718612671
702,0.5630601048469543,0.5692315697669983
703,0.5628297924995422,0.5665841698646545
704,0.5626691579818726,0.5696783065795898
705,0.5624300241470337,0.5689088702201843
706,0.5622264742851257,0.5657447576522827
707,0.562046468257904,0.5683024525642395
708,0.5618103742599487,0.5684207677841187
709,0.5616241097450256,0.5653395652770996
710,0.561433732509613,0.5673505067825317
711,0.5612161755561829,0.5671799182891846
712,0.5610268115997314,0.5647497773170471
713,0.5608407855033875,0.5670034289360046
714,0.5606406927108765,0.5660485625267029
715,0.5604373812675476,0.564306378364563
716,0.5602552890777588,0.5665708184242249
717,0.5600661635398865,0.5644998550415039
718,0.5598528385162354,0.5644693970680237
719,0.5596608519554138,0.5657317042350769
720,0.5594760775566101,0.562971293926239
721,0.5592896342277527,0.5652015209197998
722,0.5590925216674805,0.5633761882781982
723,0.5588960647583008,0.5637966990470886
724,0.5587068796157837,0.56393963098526
725,0.5585229396820068,0.5623658299446106
726,0.5583484768867493,0.5644177198410034
727,0.5581810474395752,0.5611217617988586
728,0.5580240488052368,0.5652669668197632
729,0.5578951239585876,0.5588498711585999
730,0.5578055381774902,0.5685542821884155
731,0.5578824281692505,0.5550724267959595
732,0.5580650568008423,0.577551543712616
733,0.5591044425964355,0.552543580532074
734,0.5584915280342102,0.5765639543533325
735,0.5586647391319275,0.5566293001174927
736,0.5571398138999939,0.5593181848526001
737,0.5567408204078674,0.5693619251251221
738,0.557196855545044,0.553756058216095
739,0.5571963787078857,0.5702162384986877
740,0.55710369348526,0.5578177571296692
741,0.5563316941261292,0.5572317242622375
742,0.5562430024147034,0.5685409903526306
743,0.5566185116767883,0.5545544028282166
744,0.5563068389892578,0.5638374090194702
745,0.5559374094009399,0.5600268244743347
746,0.555674135684967,0.5558502078056335
747,0.5557228922843933,0.5663838982582092
748,0.5558730959892273,0.5546805262565613
749,0.5555887818336487,0.5622616410255432
750,0.555310070514679,0.5584023594856262
751,0.5550931692123413,0.5564493536949158
752,0.555033266544342,0.5630444884300232
753,0.5550804734230042,0.5535516142845154
754,0.5550620555877686,0.5651581287384033
755,0.5551164150238037,0.5529150366783142
756,0.5548956990242004,0.5636597871780396
757,0.5547749400138855,0.5540235042572021
758,0.5545148849487305,0.5604391098022461
759,0.5543315410614014,0.555850088596344
760,0.5541637539863586,0.5575065612792969
761,0.5540362596511841,0.5577280521392822
762,0.5539385080337524,0.5552653670310974
763,0.5538622736930847,0.5595316886901855
764,0.5538117289543152,0.5532515645027161
765,0.5537763833999634,0.5621474385261536
766,0.5538329482078552,0.551038920879364
767,0.5538527369499207,0.5660292506217957
768,0.5541514754295349,0.54934161901474
769,0.5540059804916382,0.5677544474601746
770,0.5542704463005066,0.549827516078949
771,0.5536606907844543,0.5622264742851257
772,0.5533649325370789,0.553121030330658
773,0.552989661693573,0.5555817484855652
774,0.5528182983398438,0.557978630065918
775,0.5528034567832947,0.5513044595718384
776,0.5528706908226013,0.562396228313446
777,0.5530528426170349,0.5493479371070862
778,0.5529876351356506,0.5637696385383606
779,0.5530902743339539,0.5496527552604675
780,0.552727997303009,0.5601505637168884
781,0.552522599697113,0.5521632432937622
782,0.5522506833076477,0.5552392601966858
783,0.5520915985107422,0.5556026101112366
784,0.552020251750946,0.5516475439071655
785,0.5520133972167969,0.5590248107910156
786,0.5520833730697632,0.5490978956222534
787,0.552128255367279,0.5627895593643188
788,0.5524007678031921,0.5473167300224304
789,0.5523305535316467,0.5656374096870422
790,0.5527179837226868,0.5470998883247375
791,0.5522058606147766,0.5625449419021606
792,0.5520988702774048,0.549306333065033
793,0.5515774488449097,0.5558304786682129
794,0.5512999296188354,0.5534349083900452
795,0.5511600375175476,0.550724983215332
796,0.5511625409126282,0.5585783123970032
797,0.5513296127319336,0.5472254753112793
798,0.5514656901359558,0.5639351010322571
799,0.5519413948059082,0.5458804965019226
800,0.5516507029533386,0.5639512538909912
801,0.5518091917037964,0.5474193692207336
802,0.5511086583137512,0.5563648343086243
803,0.550741970539093,0.5522501468658447
804,0.550524890422821,0.5498877763748169
805,0.5505315661430359,0.5579821467399597
806,0.5507161021232605,0.5465319752693176
807,0.5508379340171814,0.5626139044761658
808,0.5512570738792419,0.5452825427055359
809,0.5509747862815857,0.5624790787696838
810,0.5510985851287842,0.5466175079345703
811,0.5505083203315735,0.5564916133880615
812,0.5502116680145264,0.5503324866294861
813,0.5499467849731445,0.5505890250205994
814,0.5498656034469604,0.5552406907081604
815,0.5499243140220642,0.5467122197151184
816,0.5500502586364746,0.560099184513092
817,0.5503946542739868,0.5447105169296265
818,0.5503844022750854,0.563598096370697
819,0.5508773922920227,0.5444769263267517
820,0.5502685904502869,0.5597350001335144
821,0.5501019358634949,0.5474613904953003
822,0.5495768785476685,0.5522651672363281
823,0.5493332147598267,0.5522928237915039
824,0.5492414832115173,0.5473747253417969
825,0.5493661165237427,0.5578420758247375
826,0.5496246218681335,0.5442888736724854
827,0.5497435331344604,0.5620875954627991
828,0.5501981973648071,0.5440884828567505
829,0.5497741103172302,0.5599393248558044
830,0.5497528910636902,0.5462315082550049
831,0.5491231083869934,0.55191570520401
832,0.548871636390686,0.5528261661529541
833,0.5487880706787109,0.5455703735351562
834,0.5490433573722839,0.5591236352920532
835,0.5493565797805786,0.5440114140510559
836,0.5493248701095581,0.5603944659233093
837,0.549504816532135,0.5441759824752808
838,0.5490187406539917,0.555266797542572
839,0.548699140548706,0.5480008721351624
840,0.5484389066696167,0.5495520234107971
841,0.5483227968215942,0.5518054366111755
842,0.5482661128044128,0.5464799404144287
843,0.5483886003494263,0.5558122992515564
844,0.5484769344329834,0.5437960624694824
845,0.5485908389091492,0.5585457682609558
846,0.5487751960754395,0.5435951352119446
847,0.548622190952301,0.5585969686508179
848,0.5487208962440491,0.5438214540481567
849,0.5483431816101074,0.5546634197235107
850,0.5481216311454773,0.5469189882278442
851,0.5478614568710327,0.5498566627502441
852,0.5477631092071533,0.5496917963027954
853,0.5476046800613403,0.5466277003288269
854,0.547743022441864,0.5541673302650452
855,0.5477874875068665,0.5426661968231201
856,0.5481449961662292,0.5610045790672302
857,0.5487643480300903,0.5414901375770569
858,0.5487441420555115,0.5645686984062195
859,0.5494325757026672,0.54270339012146
860,0.5481555461883545,0.5509849786758423
861,0.5474022626876831,0.5522733926773071
862,0.547480583190918,0.5426207780838013
863,0.5476687550544739,0.5595896244049072
864,0.5483186841011047,0.5420399308204651
865,0.5476247668266296,0.5546865463256836
866,0.5474448204040527,0.544735312461853
867,0.5469651222229004,0.5482696890830994
868,0.546851396560669,0.5496019124984741
869,0.5467737317085266,0.5442554354667664
870,0.546948254108429,0.554601788520813
871,0.5471481680870056,0.5422323942184448
872,0.5471470355987549,0.5550309419631958
873,0.5471289753913879,0.543522298336029
874,0.5468480587005615,0.5512501001358032
875,0.546653151512146,0.5456506609916687
876,0.5464640855789185,0.5471824407577515
877,0.546396017074585,0.5490336418151855
878,0.5463482737541199,0.5437325239181519
879,0.5464621782302856,0.5530195832252502
880,0.5465952754020691,0.5415439605712891
881,0.5468089580535889,0.5590423941612244
882,0.5474622845649719,0.5394217371940613
883,0.5473961234092712,0.5616440773010254
884,0.5479109883308411,0.5409656763076782
885,0.5468785166740417,0.553037703037262
886,0.5463971495628357,0.5454002022743225
887,0.5459705591201782,0.5444993376731873
888,0.5459930896759033,0.5533822774887085
889,0.5463215112686157,0.5396810173988342
890,0.5467710494995117,0.5613188743591309
891,0.5477164387702942,0.5391711592674255
892,0.5469632148742676,0.5580108165740967
893,0.546893835067749,0.5418862104415894
894,0.5459359884262085,0.5465008020401001
895,0.5455449819564819,0.5504617691040039
896,0.5457276701927185,0.5407731533050537
897,0.5459882616996765,0.5559597611427307
898,0.5463609099388123,0.5408409833908081
899,0.5458241701126099,0.5500157475471497
900,0.5455217957496643,0.5445669293403625
901,0.5452699065208435,0.544103741645813
902,0.5452548861503601,0.549732506275177
903,0.5453755855560303,0.5411013960838318
904,0.5455112457275391,0.553691029548645
905,0.5457740426063538,0.5401660799980164
906,0.5456109046936035,0.5528138875961304
907,0.5455753803253174,0.5416433811187744
908,0.5452341437339783,0.548420250415802
909,0.5450380444526672,0.5444644093513489
910,0.5448763370513916,0.5442830324172974
911,0.5448498725891113,0.5479729175567627
912,0.5448799729347229,0.541269838809967
913,0.5450075268745422,0.5521816611289978
914,0.5452678203582764,0.5391585826873779
915,0.5454551577568054,0.5582171678543091
916,0.5462355613708496,0.537788450717926
917,0.545890212059021,0.5582249164581299
918,0.5461670756340027,0.5398122668266296
919,0.5451847910881042,0.5489846467971802
920,0.5447434782981873,0.545077919960022
921,0.544455885887146,0.5415745377540588
922,0.5446644425392151,0.5532716512680054
923,0.545137882232666,0.5375583171844482
924,0.5455756187438965,0.5607054829597473
925,0.5466331839561462,0.5374533534049988
926,0.5457971692085266,0.5571057200431824
927,0.5456863045692444,0.5407989025115967
928,0.5445652604103088,0.5430365204811096
929,0.5443178415298462,0.5524057745933533
930,0.5448339581489563,0.5380548238754272
931,0.5449697971343994,0.5542525053024292
932,0.5450071692466736,0.5404190421104431
933,0.5442320704460144,0.5440881252288818
934,0.5439254641532898,0.547569751739502
935,0.5440705418586731,0.5389152765274048
936,0.5443367958068848,0.5534219741821289
937,0.5447968244552612,0.5380904674530029
938,0.5445224046707153,0.5520167946815491
939,0.5444505214691162,0.5406206250190735
940,0.543886125087738,0.5436986684799194
941,0.5437173843383789,0.5475366115570068
942,0.543804943561554,0.5390596389770508
943,0.544026792049408,0.5515965819358826
944,0.5442013740539551,0.5388501882553101
945,0.543979823589325,0.549324095249176
946,0.5438443422317505,0.5400488376617432
947,0.5436215996742249,0.5458407998085022
948,0.543453574180603,0.5421784520149231
949,0.5433474779129028,0.5433123111724854
950,0.5432892441749573,0.5442119240760803
951,0.543248176574707,0.5414685010910034
952,0.5432621240615845,0.5462411642074585
953,0.5432710647583008,0.5397366881370544
954,0.5433376431465149,0.5488688945770264
955,0.5434662103652954,0.5380353927612305
956,0.5436100363731384,0.5538908243179321
957,0.5441923141479492,0.5359125733375549
958,0.544404149055481,0.5606606602668762
959,0.545646607875824,0.5356469750404358
960,0.5447643399238586,0.5578978657722473
961,0.5448731780052185,0.5388078689575195
962,0.5433471202850342,0.5419791340827942
963,0.5430124998092651,0.5510731935501099
964,0.5435140132904053,0.5356634855270386
965,0.5443266034126282,0.5607818365097046
966,0.5455755591392517,0.5357311367988586
967,0.5443610548973083,0.5535476803779602
968,0.5438164472579956,0.5398011803627014
969,0.5428589582443237,0.54056715965271
970,0.5427099466323853,0.5505592823028564
971,0.5432801842689514,0.5366355776786804
972,0.5433868169784546,0.5511971116065979
973,0.5432700514793396,0.5394776463508606
974,0.5426002144813538,0.5413943529129028
975,0.5423907041549683,0.5472702383995056
976,0.5426536798477173,0.5372377634048462
977,0.5428583025932312,0.550636887550354
978,0.5431088209152222,0.5373362302780151
979,0.5427491068840027,0.5472740530967712
980,0.5425403118133545,0.5404902100563049
981,0.542203426361084,0.541006326675415
982,0.5421850085258484,0.5460420846939087
983,0.5422871708869934,0.5377721786499023
984,0.5424615740776062,0.5488728880882263
985,0.5425810813903809,0.5373867750167847
986,0.5424675941467285,0.5482535362243652
987,0.5424438118934631,0.5380032658576965
988,0.5422160625457764,0.5454134345054626
989,0.5420842170715332,0.5397244691848755
990,0.541911780834198,0.5429924726486206
991,0.5418592095375061,0.5416725277900696
992,0.5417546629905701,0.5406457185745239
993,0.5417853593826294,0.5439110994338989
994,0.5417580008506775,0.5386502146720886
995,0.5418543815612793,0.5467389225959778
996,0.5419797301292419,0.5367481112480164
997,0.5421724319458008,0.5523512363433838
998,0.542813241481781,0.5346664190292358
999,0.5430038571357727,0.5580964684486389
